{
    "foreground_intensity_properties_per_channel": {
        "0": {
            "max": 3000.0,
            "mean": 185.85879516601562,
            "median": 70.0,
            "min": -1000.0,
            "percentile_00_5": -166.0,
            "percentile_99_5": 1541.0,
            "std": 331.02728271484375
        },
        "1": {
            "max": 37298.28125,
            "mean": 5657.970703125,
            "median": 846.056640625,
            "min": 0.0,
            "percentile_00_5": 0.0,
            "percentile_99_5": 35246.90234375,
            "std": 11664.650390625
        }
    },
    "median_relative_size_after_cropping": 1.0,
    "shapes_after_crop": [
        [
            202,
            1024,
            1024
        ],
        [
            194,
            1024,
            1024
        ],
        [
            184,
            1024,
            1024
        ],
        [
            182,
            1024,
            1024
        ],
        [
            141,
            512,
            512
        ],
        [
            143,
            1024,
            1024
        ],
        [
            136,
            1024,
            1024
        ],
        [
            138,
            1024,
            1024
        ],
        [
            140,
            1024,
            1024
        ],
        [
            124,
            1024,
            1024
        ],
        [
            122,
            512,
            512
        ],
        [
            150,
            512,
            512
        ],
        [
            134,
            1024,
            1024
        ],
        [
            215,
            1024,
            1024
        ],
        [
            198,
            512,
            512
        ],
        [
            185,
            1024,
            1024
        ],
        [
            187,
            1024,
            1024
        ],
        [
            196,
            1024,
            1024
        ],
        [
            202,
            1024,
            1024
        ],
        [
            200,
            1024,
            1024
        ],
        [
            323,
            1024,
            1024
        ],
        [
            233,
            1024,
            1024
        ],
        [
            214,
            1024,
            1024
        ],
        [
            185,
            512,
            512
        ],
        [
            210,
            1024,
            1024
        ],
        [
            209,
            1024,
            1024
        ],
        [
            200,
            1024,
            1024
        ],
        [
            206,
            1024,
            1024
        ],
        [
            189,
            1024,
            1024
        ],
        [
            186,
            1024,
            1024
        ],
        [
            204,
            1024,
            1024
        ],
        [
            202,
            1024,
            1024
        ],
        [
            189,
            1024,
            1024
        ],
        [
            205,
            1024,
            1024
        ]
    ],
    "spacings": [
        [
            2.0,
            0.5576171875,
            0.5576171875
        ],
        [
            2.0,
            0.681640625,
            0.681640625
        ],
        [
            2.0,
            0.5986328125,
            0.5986328125
        ],
        [
            2.0,
            0.560546875,
            0.560546875
        ],
        [
            3.0,
            1.5625,
            1.5625
        ],
        [
            3.0,
            0.6669921875,
            0.6669921875
        ],
        [
            3.000000476837158,
            0.6064453125,
            0.6064453125
        ],
        [
            3.0,
            0.5576171875,
            0.5576171875
        ],
        [
            3.0,
            0.5244140625,
            0.5244140625
        ],
        [
            3.0,
            0.5791015625,
            0.5791015625
        ],
        [
            3.0,
            1.216796875,
            1.216796875
        ],
        [
            3.0,
            0.9765625,
            0.9765625
        ],
        [
            3.0,
            0.60546875,
            0.60546875
        ],
        [
            2.0,
            0.662109375,
            0.662109375
        ],
        [
            2.0,
            0.9765625,
            0.9765625
        ],
        [
            2.0,
            0.6298828125,
            0.6298828125
        ],
        [
            1.9999996423721313,
            0.677734375,
            0.677734375
        ],
        [
            2.0,
            0.68359375,
            0.68359375
        ],
        [
            2.0,
            0.6728515625,
            0.6728515625
        ],
        [
            2.0,
            0.603515625,
            0.603515625
        ],
        [
            2.000000238418579,
            0.6826171875,
            0.6826171875
        ],
        [
            2.000000238418579,
            0.6640625,
            0.6640625
        ],
        [
            2.0,
            0.646484375,
            0.646484375
        ],
        [
            2.0,
            0.9765625,
            0.9765625
        ],
        [
            2.000000238418579,
            0.68359375,
            0.68359375
        ],
        [
            2.000000238418579,
            0.6708984375,
            0.6708984375
        ],
        [
            2.0,
            0.68359375,
            0.68359375
        ],
        [
            1.999999761581421,
            0.6162109375,
            0.6162109375
        ],
        [
            2.0,
            0.611328125,
            0.611328125
        ],
        [
            1.9999996423721313,
            0.5634765625,
            0.5634765625
        ],
        [
            2.0,
            0.5224609375,
            0.5224609375
        ],
        [
            1.9999996423721313,
            0.6220703125,
            0.6220703125
        ],
        [
            2.0,
            0.5859375,
            0.5859375
        ],
        [
            2.0,
            0.65625,
            0.65625
        ]
    ]
}